repo,category,application_type,primary_framework,total_files,python_files,discovery_score,classification_score,governance_gate
CodeTruthAgent,CODE_GOVERNANCE,CODE_GOVERNANCE,None,495,1,100%,75%,APPROVED
Django,PYTHON_WEB,WEB_APPLICATION,Django,6625,1,100%,100%,APPROVED
Flask,PYTHON_WEB,WEB_APPLICATION,Flask,225,1,100%,100%,APPROVED
FastAPI,PYTHON_WEB,API_SERVICE,FastAPI,2945,1,100%,100%,APPROVED
Transformers,ML_PIPELINE,ML_PIPELINE,Transformers,5988,1,100%,100%,APPROVED
Redis,DATABASE_SYSTEM,DATABASE_SYSTEM,None,1789,1,100%,75%,APPROVED
Nginx,WEB_SERVER,WEB_SERVER,None,517,0,100%,75%,APPROVED
SpringBoot,JAVA_WEB,WEB_APPLICATION,Spring Boot,1118,0,100%,100%,APPROVED
Elasticsearch,DATA_ENGINEERING,DATA_ENGINEERING,Elasticsearch,32983,1,100%,100%,APPROVED
VSCode,FRONTEND,FRONTEND_APPLICATION,React,14937,1,100%,100%,APPROVED
React,FRONTEND,FRONTEND_APPLICATION,React,7191,0,100%,100%,APPROVED
Rust,COMPILER_TOOLCHAIN,COMPILER_TOOLCHAIN,None,58894,1,100%,75%,APPROVED
Go,COMPILER_TOOLCHAIN,COMPILER_TOOLCHAIN,None,14258,1,100%,75%,APPROVED
Odoo,ERP_SYSTEM,ERP_SYSTEM,Odoo,47562,1,100%,100%,APPROVED
SAP_UI5,FRONTEND,FRONTEND_APPLICATION,React,6038,0,100%,100%,APPROVED
FreeCAD,CAD_SYSTEM,CAD_SYSTEM,None,12900,1,100%,75%,APPROVED
LibreCAD,CAD_SYSTEM,CAD_SYSTEM,None,4653,1,100%,75%,APPROVED
OpenMDAO,SIMULATION_TOOL,SIMULATION_TOOL,OpenMDAO,1197,1,100%,100%,APPROVED
pyNastran,SIMULATION_TOOL,SIMULATION_TOOL,pyNastran,2979,1,100%,100%,APPROVED
py-evm,BLOCKCHAIN_NODE,BLOCKCHAIN_NODE,Web3.py,504,1,100%,100%,APPROVED
solana-py,BLOCKCHAIN_NODE,BLOCKCHAIN_NODE,Solana,124,1,100%,100%,APPROVED
pydicom,MEDICAL_SYSTEM,MEDICAL_SYSTEM,PyDICOM,527,1,100%,100%,APPROVED
hl7apy,MEDICAL_SYSTEM,MEDICAL_SYSTEM,HL7apy,163,1,100%,100%,APPROVED
Qiskit,QUANTUM_COMPUTING,QUANTUM_COMPUTING,Qiskit,3898,1,100%,100%,APPROVED
PennyLane,QUANTUM_COMPUTING,QUANTUM_COMPUTING,PennyLane,1935,1,100%,100%,APPROVED
GeoPandas,GIS_SYSTEM,GIS_SYSTEM,GeoPandas,378,1,100%,100%,APPROVED
Shapely,GIS_SYSTEM,GIS_SYSTEM,None,276,1,100%,75%,APPROVED
Zipline,FINANCE_SYSTEM,FINANCE_SYSTEM,Zipline,455,1,100%,100%,APPROVED
CCXT,FINANCE_SYSTEM,FINANCE_SYSTEM,CCXT,9277,1,100%,100%,APPROVED
rclpy,ROBOTICS_SYSTEM,ROBOTICS_SYSTEM,None,243,1,100%,75%,APPROVED
Drake,ROBOTICS_SYSTEM,ROBOTICS_SYSTEM,Drake,5536,1,100%,100%,APPROVED
Astropy,SCIENTIFIC_COMPUTING,SPACE_SYSTEM,Astropy,2002,1,100%,100%,APPROVED
BioPython,SCIENTIFIC_COMPUTING,SCIENTIFIC_COMPUTING,BioPython,2403,1,100%,100%,APPROVED
Scapy,SECURITY_TOOL,SECURITY_TOOL,Scapy,852,1,100%,100%,APPROVED
pwntools,SECURITY_TOOL,SECURITY_TOOL,pwntools,1454,1,100%,100%,APPROVED
spaCy,NLP_TOOL,NLP_TOOL,spaCy,1366,1,100%,100%,APPROVED
NLTK,NLP_TOOL,NLP_TOOL,NLTK,519,1,100%,100%,APPROVED
librosa,AUDIO_PROCESSING,AUDIO_PROCESSING,librosa,189,1,100%,100%,APPROVED
Whisper,AUDIO_PROCESSING,AUDIO_PROCESSING,Whisper,42,1,100%,100%,APPROVED
opencv-python,COMPUTER_VISION,COMPUTER_VISION,OpenCV,36,1,100%,100%,APPROVED
Ultralytics,COMPUTER_VISION,COMPUTER_VISION,Ultralytics/YOLO,941,1,100%,100%,APPROVED
Netmiko,NETWORK_TOOL,NETWORK_TOOL,Netmiko,780,1,100%,100%,APPROVED
NAPALM,NETWORK_TOOL,NETWORK_TOOL,NAPALM,1738,1,100%,100%,APPROVED
pandapower,ENERGY_SYSTEM,ENERGY_SYSTEM,pandapower,1383,1,100%,100%,APPROVED
PyPSA,ENERGY_SYSTEM,ENERGY_SYSTEM,PyPSA,777,1,100%,100%,APPROVED
PuLP,OPTIMIZATION_TOOL,OPTIMIZATION_TOOL,PuLP,201,1,100%,100%,APPROVED
CVXPY,OPTIMIZATION_TOOL,OPTIMIZATION_TOOL,CVXPY,1116,1,100%,100%,APPROVED
poliastro,SPACE_SYSTEM,SPACE_SYSTEM,poliastro,320,1,100%,100%,APPROVED
python-sgp4,SPACE_SYSTEM,SPACE_SYSTEM,sgp4,35,1,100%,100%,APPROVED
NetworkX,GRAPH_ANALYTICS,GRAPH_ANALYTICS,NetworkX,955,1,100%,100%,APPROVED
python-igraph,GRAPH_ANALYTICS,GRAPH_ANALYTICS,iGraph,272,1,100%,100%,APPROVED
MicroPython,EMBEDDED_SYSTEM,EMBEDDED_SYSTEM,MicroPython,6495,1,100%,100%,APPROVED
CircuitPython,EMBEDDED_SYSTEM,EMBEDDED_SYSTEM,CircuitPython,8645,1,100%,100%,APPROVED
cocotb,FPGA_HARDWARE,FPGA_HARDWARE,cocotb,655,1,100%,100%,APPROVED
amaranth,FPGA_HARDWARE,FPGA_HARDWARE,Amaranth HDL,136,1,100%,100%,APPROVED
zephyr,FIRMWARE,FIRMWARE,Zephyr RTOS,61850,1,100%,100%,APPROVED
u-boot,FIRMWARE,FIRMWARE,None,37918,1,100%,75%,APPROVED
gnuradio,DSP_TOOL,DSP_TOOL,None,5731,1,100%,75%,APPROVED
Kivy,MOBILE_APPLICATION,MOBILE_APPLICATION,Kivy,1211,1,100%,100%,APPROVED
Toga,MOBILE_APPLICATION,MOBILE_APPLICATION,BeeWare/Toga,2060,1,100%,100%,APPROVED
Pulumi,CLOUD_INFRASTRUCTURE,CLOUD_INFRASTRUCTURE,Pulumi,39958,1,100%,100%,APPROVED
kubernetes-python,CONTAINER_ORCHESTRATION,CONTAINER_ORCHESTRATION,Kubernetes,3668,1,100%,100%,APPROVED
python-jenkins,CI_CD_PIPELINE,CI_CD_PIPELINE,Jenkins,193,1,100%,100%,APPROVED
ffmpeg-python,MEDIA_STREAMING,MEDIA_STREAMING,FFmpeg,82,1,100%,100%,APPROVED
gst-python,MEDIA_STREAMING,MEDIA_STREAMING,None,95,1,100%,75%,APPROVED
dronekit-python,DRONE_UAV,DRONE_UAV,DroneKit,136,1,100%,100%,APPROVED
ArduPilot,DRONE_UAV,DRONE_UAV,ArduPilot,7680,1,100%,100%,APPROVED
xarray,CLIMATE_SCIENCE,CLIMATE_SCIENCE,xarray,405,1,100%,100%,APPROVED
MetPy,CLIMATE_SCIENCE,CLIMATE_SCIENCE,MetPy,751,1,100%,100%,APPROVED
